"","sites","a","b","height","total_seg","hit","vp","under","over","area","hitrate","underrate","overrate","Seg_qualy"
"1","chm_1",0.07,0.09,3.5,20,11,15,2,7,543.140625,0.733333333333333,0.1,0.35,"0.73 @ 0.28"
"2","chm_2",0.07,0.09,3.5,27,10,12,1,16,443.421875,0.833333333333333,0.037037037037037,0.592592592592593,"0.83 @ 0.33"
"3","chm_3",0.07,0.09,3.5,42,16,18,1,25,623.515625,0.888888888888889,0.0238095238095238,0.595238095238095,"0.89 @ 0.32"
"4","chm_4",0.07,0.09,3.5,21,8,12,2,11,377.015625,0.666666666666667,0.0952380952380952,0.523809523809524,"0.67 @ 0.36"
"5","Mean",0.07,0.09,3.5,27.5,11.25,14.25,1.5,14.75,496.7734375,0.780555555555556,0.064021164021164,0.515410052910053,"0.78 @ 0.32"
