"","sites","a","b","height","total_seg","hit","vp","under","over","area","hitrate","underrate","overrate","Seg_qualy"
"1","chm_1",0.07,0.1,4,19,11,15,2,6,535.015625,0.733333333333333,0.105263157894737,0.315789473684211,"0.73 @ 0.26"
"2","chm_2",0.07,0.1,4,26,10,12,1,15,421.140625,0.833333333333333,0.0384615384615385,0.576923076923077,"0.83 @ 0.33"
"3","chm_3",0.07,0.1,4,38,16,18,1,21,605.953125,0.888888888888889,0.0263157894736842,0.552631578947368,"0.89 @ 0.3"
"4","chm_4",0.07,0.1,4,20,8,12,2,10,369.25,0.666666666666667,0.1,0.5,"0.67 @ 0.35"
"5","Mean",0.07,0.1,4,25.75,11.25,14.25,1.5,13,482.83984375,0.780555555555556,0.0675101214574899,0.486336032388664,"0.78 @ 0.31"
